Product Code,Product Name,,Category Name,Supplier,Measuring Unit,Stock Level
MBDL3440,BAILEYS 20CL,,IPS		,Guinness Ghana,Boxes,0
MBDL3441,BAILEYS 75CL,,IPS		,Guinness Ghana,Boxes,0
MBDL3530,BAILEYS STRAWBERRIES 70CL,,IPS		,Guinness Ghana,Bottles,0
MBDL3442,C. MORGAN RUM BLACK,,IPS		,Guinness Ghana,Boxes,0
MBDL3443,C.MORGAN  SPIC.GOLD 1LT,,IPS		,Guinness Ghana,Boxes,0
MBDL3446,GORDONS DRY GIN 20CL,,IPS		,Guinness Ghana,Boxes,0
MBDL3510,GORDONS PINK 75CL,,IPS		,Guinness Ghana,Boxes,0
MBDL3447,J & B RARE 1LT,,IPS		,Guinness Ghana,Boxes,0
MBDL3453,J W RED LABEL 75CL 12X1,,IPS		,Guinness Ghana,Boxes,0
MBDL3508,JW BLACK LABEL ICONS 1LT,,IPS		,Guinness Ghana,Bottles,0
MBDL3460,TALISKER 70CL,,IPS		,Guinness Ghana,Boxes,0
MBDL3461,TANQUARY  GIN 75CL,,IPS		,Guinness Ghana,Boxes,0
MBDL3481,TANQUARY TEN 70CL,,RESERVED BRANDS		,Guinness Ghana,Boxes,0
MBDL3473,DON JULIO BLANCO 75CL(6),,RESERVED BRANDS		,Guinness Ghana,Boxes,2
MBDL3451,J W DOUBLE BLACK 75CL,,IPS		,Guinness Ghana,Boxes,2
MBDL3531,CASAMIGOS BLANCO 75CL,,RESERVED BRANDS		,Guinness Ghana,Boxes,3
MBDL3539,DON JULIO 1942 75CL 06*01,,RESERVED BRANDS		,Guinness Ghana,Bottles,5
MBDL3532,CASAMIGOS REPOSADO 75CL,,RESERVED BRANDS		,Guinness Ghana,Bottles,6
MBDL3486,ZACAPA CENT XO,,RESERVED BRANDS		,Guinness Ghana,Boxes,6
MBDL3533,CASAMIGOS ANEJO,,RESERVED BRANDS		,Guinness Ghana,Boxes,9
MBDL3479,SINGLETON 70CL15 YRS(6),,RESERVED BRANDS		,Guinness Ghana,Boxes,11
MBDL3471,CIROC PINEAPPLE 70CL,,RESERVED BRANDS		,Guinness Ghana,Boxes,14
MBDL3534,JW BLONDE 75CL,,RESERVED BRANDS		,Guinness Ghana,Bottles,21
MBDL3478,PLATINUM/18YRS 75CL (6),,RESERVED BRANDS		,Guinness Ghana,Boxes,22
MBDL3475,JW BLUE LABEL75CL(6),,RESERVED BRANDS		,Guinness Ghana,Boxes,24
MBDL3527,JW GOLD LABEL ICON,,RESERVED BRANDS		,Guinness Ghana,Bottles,24
MBDL3528,GORDONS DRY GIN GMC 75cl,,IPS		,Guinness Ghana,Bottles,37
MBDL3472,CIROC VODKA 1LT(12),,RESERVED BRANDS		,Guinness Ghana,Boxes,38
MBDL3476,JW GOLD LABEL 75CL(6),,RESERVED BRANDS		,Guinness Ghana,Boxes,38
MBDL3474,DON JULIO ANEJO 75CL(6),,RESERVED BRANDS		,Guinness Ghana,Boxes,42
MBDL3482,ZACAPA CENT 75CL(6),,RESERVED BRANDS		,Guinness Ghana,Boxes,42
MBDL3523,C. MORGAN SPC GLD 75CL,,IPS		,Guinness Ghana,Bottles,45
MBDL3480,SINGLETON12YRS 75CL(12),,RESERVED BRANDS		,Guinness Ghana,Boxes,50
MBDL3445,GORDONS DRY GIN 1LT,,IPS		,Guinness Ghana,Boxes,51
MBDL3544,SMF. TAMARIND 20CL,,MAIN STREAM SPIRITS		,Guinness Ghana,Bottles,68
MBDL3477,KETEL ONE VODKA 75CL,,RESERVED BRANDS		,Guinness Ghana,Boxes,72
MBDL3450,J W BLACK LABEL 75CL,,IPS		,Guinness Ghana,Boxes,80
MBDL3464,SMF CHOCOLATE  75CL,,IPS		,Guinness Ghana,Boxes,80
MBDL3470,BAILEYS 1L,,IPS		,Guinness Ghana,Boxes,150
MBDL3524,C. MORGAN SPC. GLD 20CL,,IPS		,Guinness Ghana,Bottles,163
MBDL3543,SMF. TAMARIND 75CL,,MAIN STREAM SPIRITS		,Guinness Ghana,Bottles,169
MBDL3454,JW BLACK LABEL 1LT,,IPS		,Guinness Ghana,Boxes,176
MBDL3493,SMF CHOCOLATE (20CL),,MAIN STREAM SPIRITS		,Guinness Ghana,100,187
MBDL3452,J W RED LABEL 1LT,,IPS		,Guinness Ghana,Boxes,230
MBDL3455,JW RED LABEL 20CL 24X1,,IPS		,Guinness Ghana,Boxes,309
MBDL3529,GORDONS DRY GIN GMC 20CL,,IPS		,Guinness Ghana,Bottles,317
MBDL3465,BLACK & WHITE 20CL,,MAIN STREAM SPIRITS		,Guinness Ghana,Boxes,326
MBDL3449,J W BLACK LABEL 20CL,,IPS		,Guinness Ghana,Boxes,342
MBDL3459,SMF. RED 1LT,,IPS		,Guinness Ghana,Boxes,399
MBDL3466,BLACK &WHITE 75CL,,MAIN STREAM SPIRITS		,Guinness Ghana,Boxes,569
MBDL3515,GORDONS PINK 20CL,,IPS		,Guinness Ghana,Boxes,706
MBDL3457,SMF .RED VODKA 20CL,,IPS		,Guinness Ghana,Boxes,"1,249"
MBDL3448,J & B RARE 20CL,,IPS		,Guinness Ghana,Boxes,"1,744"
MBDL3468,ORIJIN BITTERS 75CL,,MAIN STREAM SPIRITS		,Guinness Ghana,Boxes,"1,851"
MBDL3467,ORIJIN BITTERS 20CL,,MAIN STREAM SPIRITS		,Guinness Ghana,Boxes,"7,495"
MBDL3417,CAN HEINEKEN 330ML,,BEERS		,Guinness Ghana,Boxes,0
MBDL3512,GUINNESS CAN 330ML 12*1,,BEERS		,Guinness Ghana,Boxes,0
MBDL3437,GUINNESS MALTA CAN  330ML 12X1,,BEERS		,Guinness Ghana,Boxes,0
MBDL3517,HEINEKEN BOTTLE (24*01,,LAGERS	,Guinness Ghana,Boxes,0
MBDL3484,ORIJIN CAN330ML,,RTDS		,Guinness Ghana,Boxes,0
MBDL3536,SMIR ICE DB CAN 06*01,,RTDS		,Guinness Ghana,Bottles,0
MBDL3537,SMIR ICE PINE CAN 06*01,,RTDS		,Guinness Ghana,Bottles,0
MBDL3540,SMIR. ICE DB CAN 12*1 330ML,,RTDS		,Guinness Ghana,Bottles,0
MBDL3535,SMIR. ICE DB CAN 24*1  330ML,,RTDS		,Guinness Ghana,Boxes,0
MBDL3542,STAR  330 ml NRB,,LAGERS	,Guinness Ghana,cases,0
MBDL3432,STAR MINI 330ML,,BEERS		,Guinness Ghana,Boxes,0
MBDL3538,SMIR. ICE PP CAN 24*1 330ML,,RTDS		,Guinness Ghana,Bottles,1
MBDL3435,GUINNESS  MALTA CAN 330ML 24X1,,BEERS		,Guinness Ghana,Boxes,4
MBDL3419,GUINNESS CAN 330ML 24*1,,BEERS		,Guinness Ghana,Boxes,18
MBDL3431,STAR LARGE 625ML,,BEERS		,Guinness Ghana,Boxes,595
MBDL3488,ALVARO PEAR PET 330ML,,APNADS		,Guinness Ghana,Boxes,658
MBDL3525,SMIRNOFF ICE  PINE RET,,RTDS		,Guinness Ghana,Boxes,"1,137"
MBDL3423,GULDER 625ML,,BEERS		,Guinness Ghana,Boxes,"1,404"
MBDL3429,ORIJIN MINI 330ML,,BEERS		,Guinness Ghana,Boxes,"2,188"
MBDL3421,ABC MINI 330,,BEERS		,Guinness Ghana,Boxes,"2,218"
MBDL3526,SMIRNOFF ICE DB RET,,RTDS		,Guinness Ghana,Boxes,"2,535"
MBDL3420,GUINNESS FES 330ML,,STOUT,Guinness Ghana,Boxes,"2,957"
MBDL3428,ORIJIN LARGE 625ML,,BEERS		,Guinness Ghana,Boxes,"5,680"
MBDL3438,GUINNESS MALTA PET 330ML,,BEERS		,Guinness Ghana,Boxes,"6,335"
MBDL3436,GUINNESS MALTA 330ML,,BEERS		,Guinness Ghana,Boxes,"6,593"