product_codes,product_name,product_category,quantity,exfactory_price,retailer_price,wholesaler_price,returnable
MBDL3488,ALVARO PEAR PET 330ML,APNADS,934,81.51,96,88,NO
MBDL3417,CAN HEINEKEN 330ML,BEERS,0,361.34,415,386,NO
MBDL3512,GUINNESS CAN 330ML 12*1,BEERS,0,136.08,154,143,NO
MBDL3437,GUINNESS MALTA CAN 330ML 12X1,BEERS,0,100.3,120,107.5,NO
MBDL3432,STAR MINI 330ML,BEERS,0,139.08,160,150,YES
MBDL3419,GUINNESS CAN 330ML 24*1,BEERS,162,272.15,307,286,NO
MBDL3431,STAR LARGE 625ML,BEERS,923,112.23,129,119,YES
MBDL3435,GUINNESS MALTA CAN 330ML 24X1,BEERS,"1,248",200.6,230,215,NO
MBDL3423,GULDER 625ML,BEERS,"2,590",120.04,139,130,YES
MBDL3438,GUINNESS MALTA PET 330ML,BEERS,"3,797",90.53,110,98,NO
MBDL3429,ORIJIN MINI 330ML,BEERS,"2,291",155.79,179,168,YES
MBDL3421,ABC MINI 330,BEERS,"4,164",119.53,136,128,YES
MBDL3428,ORIJIN LARGE 625ML,BEERS,"6,566",110.34,128,119,YES
MBDL3436,GUINNESS MALTA 330ML,BEERS,"9,980",159.43,179,169,YES
MBDL3440,BAILEYS 20CL,IPS,0,82.15,91.67,88.33,NO
MBDL3441,BAILEYS 75CL,IPS,0,271.21,339.33,309,NO
MBDL3530,BAILEYS STRAWBERRIES 70CL,IPS,0,314.06,355.83,340,NO
MBDL3442,C. MORGAN RUM BLACK,IPS,0,210.03,233.75,220,NO
MBDL3443,C.MORGAN SPIC.GOLD 1LT,IPS,0,156.82,185.5,171.33,NO
MBDL3446,GORDONS DRY GIN 20CL,IPS,0,48.63,59.58,54.48,NO
MBDL3510,GORDONS PINK 75CL,IPS,0,89.21,101.25,96.67,NO
MBDL3447,J & B RARE 1LT,IPS,0,120.59,143.75,132.92,NO
MBDL3453,J W RED LABEL 75CL 12X1,IPS,0,174.49,204.17,190.83,NO
MBDL3508,JW BLACK LABEL ICONS 1LT,IPS,0,302.87,360.92,333.17,NO
MBDL3460,TALISKER 70CL,IPS,0,675.11,807.69,742.46,NO
MBDL3461,TANQUARY GIN 75CL,IPS,0,208.58,261.08,237.75,NO
MBDL3451,J W DOUBLE BLACK 75CL,IPS,3,511.43,566.67,541.67,NO
MBDL3528,GORDONS DRY GIN GMC 75cl,IPS,37,89.21,100,95,NO
MBDL3524,C. MORGAN SPC. GLD 20CL,IPS,163,32.99,35.42,34.42,NO
MBDL3523,C. MORGAN SPC GLD 75CL,IPS,58,109.84,124.58,115.83,NO
MBDL3464,SMF CHOCOLATE 75CL,IPS,82,89.21,101.25,96.67,NO
MBDL3529,GORDONS DRY GIN GMC 20CL,IPS,317,27.32,30.15,28.75,NO
MBDL3445,GORDONS DRY GIN 1LT,IPS,57,176.25,197.5,190.08,NO
MBDL3515,GORDONS PINK 20CL,IPS,706,29.1,31.25,31.04,NO
MBDL3455,JW RED LABEL 20CL 24X1,IPS,409,58.17,63.33,62.5,NO
MBDL3450,J W BLACK LABEL 75CL,IPS,80,352.56,406.67,386.67,NO
MBDL3449,J W BLACK LABEL 20CL,IPS,395,95.83,107.5,103.42,NO
MBDL3457,SMF .RED VODKA 20CL,IPS,"1,270",45.47,46.88,45.83,NO
MBDL3470,BAILEYS 1L,IPS,196,314.18,355.83,340,NO
MBDL3448,J & B RARE 20CL,IPS,"1,778",37.79,44.98,41.56,NO
MBDL3452,J W RED LABEL 1LT,IPS,287,244.41,291.67,266.67,NO
MBDL3459,SMF. RED 1LT,IPS,413,176.25,197.5,190.08,NO
MBDL3454,JW BLACK LABEL 1LT,IPS,202,451.27,535.25,504.17,NO
MBDL3517,HEINEKEN BOTTLE (24*01),LAGERS,0,490.54,543,504,NO
MBDL3542,STAR 330 ml NRB,LAGERS,6,196.74,220,206,NO
MBDL3544,SMF. TAMARIND 20CL,MAIN STREAM SPIRITS,88,31.35,34.38,23.75,NO
MBDL3493,SMF CHOCOLATE (20CL),MAIN STREAM SPIRITS,192,25.86,29.38,28.13,NO
MBDL3465,BLACK & WHITE 20CL,MAIN STREAM SPIRITS,367,38.78,42.71,41.67,NO
MBDL3468,ORIJIN BITTERS 75CL,MAIN STREAM SPIRITS,417,35.79,39.58,37.92,NO
MBDL3543,SMF. TAMARIND 75CL,MAIN STREAM SPIRITS,172,109.84,124.58,119.17,NO
MBDL3466,BLACK &WHITE 75CL,MAIN STREAM SPIRITS,622,131.87,149.17,142.5,NO
MBDL3467,ORIJIN BITTERS 20CL,MAIN STREAM SPIRITS,"7,697",13.77,14.38,14.27,NO
MBDL3481,TANQUARY TEN 70CL,RESERVED BRANDS,0,312.83,391.67,356.67,NO
MBDL3473,DON JULIO BLANCO 75CL(6),RESERVED BRANDS,2,800.76,836.67,829.17,NO
MBDL3534,JW BLONDE 75CL,RESERVED BRANDS,22,246.71,290.83,273.33,NO
MBDL3531,CASAMIGOS BLANCO 75CL,RESERVED BRANDS,8,750.44,822.5,790,NO
MBDL3532,CASAMIGOS REPOSADO 75CL,RESERVED BRANDS,7,975.5,"1,083.33",1033.33,NO
MBDL3471,CIROC PINEAPPLE 70CL,RESERVED BRANDS,14,581.54,666.67,630,NO
MBDL3486,ZACAPA CENT XO,RESERVED BRANDS,6,"1,395.31","1,600.00",1500,NO
MBDL3479,SINGLETON 70CL15 YRS(6),RESERVED BRANDS,11,925.51,"1,058.33",1006.67,NO
MBDL3527,JW GOLD LABEL ICON,RESERVED BRANDS,24,440.72,527.5,486.67,NO
MBDL3533,CASAMIGOS ANEJO,RESERVED BRANDS,9,"1,251.11","1,370.00",1316.67,NO
MBDL3477,KETEL ONE VODKA 75CL,RESERVED BRANDS,72,203.98,225,215.83,NO
MBDL3539,DON JULIO 1942 75CL 06*01,RESERVED BRANDS,6,"2,572.67","3,220.17",2932.83,NO
MBDL3472,CIROC VODKA 1LT(12),RESERVED BRANDS,38,562.4,660,616.67,NO
MBDL3478,PLATINUM/18YRS 75CL (6),RESERVED BRANDS,22,"1,067.81","1,236.67",1166.66,NO
MBDL3476,JW GOLD LABEL 75CL(6),RESERVED BRANDS,39,606.34,705,666.67,NO
MBDL3482,ZACAPA CENT 75CL(6),RESERVED BRANDS,42,624.26,716.67,666.67,NO
MBDL3480,SINGLETON12YRS 75CL(12),RESERVED BRANDS,50,574.87,664.17,629.17,NO
MBDL3474,DON JULIO ANEJO 75CL(6),RESERVED BRANDS,42,"1,334.90","1,396.67",1383.33,NO
MBDL3475,JW BLUE LABEL75CL(6),RESERVED BRANDS,24,"2,633.53","3,066.67",2895,NO
MBDL3484,ORIJIN CAN330ML,RTDS,0,174.91,204,190,NO
MBDL3536,SMIR ICE DB CAN 06*01,RTDS,0,75.66,86,79.5,NO
MBDL3537,SMIR ICE PINE CAN 06*01,RTDS,0,75.66,86,79.5,NO
MBDL3540,SMIR. ICE DB CAN 12*1 330ML,RTDS,0,150.91,171.5,159,NO
MBDL3535,SMIR. ICE DB CAN 24*1 330ML,RTDS,0,300.79,343,318,NO
MBDL3538,SMIR. ICE PP CAN 24*1 330ML,RTDS,1,300.79,343,318,NO
MBDL3525,SMIRNOFF ICE PINE RET,RTDS,23,251.51,286,267,YES
MBDL3526,SMIRNOFF ICE DB RET,RTDS,700,251.51,286,267,YES
MBDL3420,GUINNESS FES 330ML,STOUT,"5,899",207.95,238,224,YES