SKU NAME,Returnable,CODE NAME,WHOLESALE,RETAIL,EXFACTORY,PRODUCT CODE
ALVARO PEAR PET 330ML,Non-Returnable,APNADS,88,96,81.51,MBDL3488
CAN HEINEKEN 330ML,Non-Returnable,BEERS,386,415,361.34,MBDL3417
GUINNESS CAN 330ML 12*1,Non-Returnable,BEERS,143,154,136.08,MBDL3512
GUINNESS MALTA CAN 330ML 12X1,Non-Returnable,BEERS,107.5,120,100.3,MBDL3437
STAR MINI 330ML,Returnable,BEERS,150,160,139.08,MBDL3432
GUINNESS CAN 330ML 24*1,Non-Returnable,BEERS,286,307,272.15,MBDL3419
STAR LARGE 625ML,Returnable,BEERS,119,129,112.23,MBDL3431
GUINNESS MALTA CAN 330ML 24X1,Non-Returnable,BEERS,215,230,200.6,MBDL3435
GULDER 625ML,Returnable,BEERS,130,139,120.04,MBDL3423
GUINNESS MALTA PET 330ML,Non-Returnable,BEERS,98,110,90.53,MBDL3438
ORIJIN MINI 330ML,Returnable,BEERS,168,179,155.79,MBDL3429
ABC MINI 330,Returnable,BEERS,128,136,119.53,MBDL3421
ORIJIN LARGE 625ML,Returnable,BEERS,119,128,110.34,MBDL3428
GUINNESS MALTA 330ML,Returnable,BEERS,169,179,159.43,MBDL3436
BAILEYS 20CL,Non-Returnable,IPS,88.33,91.67,82.15,MBDL3440
BAILEYS 75CL,Non-Returnable,IPS,309,339.33,271.21,MBDL3441
BAILEYS STRAWBERRIES 70CL,Non-Returnable,IPS,340,355.83,314.06,MBDL3530
C. MORGAN RUM BLACK,Non-Returnable,IPS,220,233.75,210.03,MBDL3442
C.MORGAN SPIC.GOLD 1LT,Non-Returnable,IPS,171.33,185.5,156.82,MBDL3443
GORDONS DRY GIN 20CL,Non-Returnable,IPS,54.48,59.58,48.63,MBDL3446
GORDONS PINK 75CL,Non-Returnable,IPS,96.67,101.25,89.21,MBDL3510
J & B RARE 1LT,Non-Returnable,IPS,132.92,143.75,120.59,MBDL3447
J W RED LABEL 75CL 12X1,Non-Returnable,IPS,190.83,204.17,174.49,MBDL3453
JW BLACK LABEL ICONS 1LT,Non-Returnable,IPS,333.17,360.92,302.87,MBDL3508
TALISKER 70CL,Non-Returnable,IPS,742.46,807.69,675.11,MBDL3460
TANQUARY GIN 75CL,Non-Returnable,IPS,237.75,261.08,208.58,MBDL3461
J W DOUBLE BLACK 75CL,Non-Returnable,IPS,541.67,566.67,511.43,MBDL3451
GORDONS DRY GIN GMC 75cl,Non-Returnable,IPS,95,100,89.21,MBDL3528
C. MORGAN SPC. GLD 20CL,Non-Returnable,IPS,34.42,35.42,32.99,MBDL3524
C. MORGAN SPC GLD 75CL,Non-Returnable,IPS,115.83,124.58,109.84,MBDL3523
SMF CHOCOLATE 75CL,Non-Returnable,IPS,96.67,101.25,89.21,MBDL3464
GORDONS DRY GIN GMC 20CL,Non-Returnable,IPS,28.75,30.15,27.32,MBDL3529
GORDONS DRY GIN 1LT,Non-Returnable,IPS,190.08,197.5,176.25,MBDL3445
GORDONS PINK 20CL,Non-Returnable,IPS,31.04,31.25,29.1,MBDL3515
JW RED LABEL 20CL 24X1,Non-Returnable,IPS,62.5,63.33,58.17,MBDL3455
J W BLACK LABEL 75CL,Non-Returnable,IPS,386.67,406.67,352.56,MBDL3450
J W BLACK LABEL 20CL,Non-Returnable,IPS,103.42,107.5,95.83,MBDL3449
SMF .RED VODKA 20CL,Non-Returnable,IPS,45.83,46.88,45.47,MBDL3457
BAILEYS 1L,Non-Returnable,IPS,340,355.83,314.18,MBDL3470
J & B RARE 20CL,Non-Returnable,IPS,41.56,44.98,37.79,MBDL3448
J W RED LABEL 1LT,Non-Returnable,IPS,266.67,291.67,244.41,MBDL3452
SMF. RED 1LT,Non-Returnable,IPS,190.08,197.5,176.25,MBDL3459
JW BLACK LABEL 1LT,Non-Returnable,IPS,504.17,535.25,451.27,MBDL3454
HEINEKEN BOTTLE (24*01),Non-Returnable,LAGERS,504,543,490.54,MBDL3517
STAR 330 ml NRB,Non-Returnable,LAGERS,206,220,196.74,MBDL3542
SMF. TAMARIND 20CL,Non-Returnable,MAIN STREAM SPIRITS,23.75,34.38,31.35,MBDL3544
SMF CHOCOLATE (20CL),Non-Returnable,MAIN STREAM SPIRITS,28.13,29.38,25.86,MBDL3493
BLACK & WHITE 20CL,Non-Returnable,MAIN STREAM SPIRITS,41.67,42.71,38.78,MBDL3465
ORIJIN BITTERS 75CL,Non-Returnable,MAIN STREAM SPIRITS,37.92,39.58,35.79,MBDL3468
SMF. TAMARIND 75CL,Non-Returnable,MAIN STREAM SPIRITS,119.17,124.58,109.84,MBDL3543
BLACK &WHITE 75CL,Non-Returnable,MAIN STREAM SPIRITS,142.5,149.17,131.87,MBDL3466
ORIJIN BITTERS 20CL,Non-Returnable,MAIN STREAM SPIRITS,14.27,14.38,13.77,MBDL3467
TANQUARY TEN 70CL,Non-Returnable,RESERVED BRANDS,356.67,391.67,312.83,MBDL3481
DON JULIO BLANCO 75CL(6),Non-Returnable,RESERVED BRANDS,829.17,836.67,800.76,MBDL3473
JW BLONDE 75CL,Non-Returnable,RESERVED BRANDS,273.33,290.83,246.71,MBDL3534
CASAMIGOS BLANCO 75CL,Non-Returnable,RESERVED BRANDS,790,822.5,750.44,MBDL3531
CASAMIGOS REPOSADO 75CL,Non-Returnable,RESERVED BRANDS,1033.33,1083.33,975.5,MBDL3532
CIROC PINEAPPLE 70CL,Non-Returnable,RESERVED BRANDS,630,666.67,581.54,MBDL3471
ZACAPA CENT XO,Non-Returnable,RESERVED BRANDS,1500,1600.00,1395.31,MBDL3486
SINGLETON 70CL15 YRS(6),Non-Returnable,RESERVED BRANDS,1006.67,1058.33,925.51,MBDL3479
JW GOLD LABEL ICON,Non-Returnable,RESERVED BRANDS,486.67,527.5,440.72,MBDL3527
CASAMIGOS ANEJO,Non-Returnable,RESERVED BRANDS,1316.67,1370.00,1251.11,MBDL3533
KETEL ONE VODKA 75CL,Non-Returnable,RESERVED BRANDS,215.83,225,203.98,MBDL3477
DON JULIO 1942 75CL 06*01,Non-Returnable,RESERVED BRANDS,2932.83,3220.17,2572.67,MBDL3539
CIROC VODKA 1LT(12),Non-Returnable,RESERVED BRANDS,616.67,660,562.4,MBDL3472
PLATINUM/18YRS 75CL (6),Non-Returnable,RESERVED BRANDS,1166.66,1236.67,1067.81,MBDL3478
JW GOLD LABEL 75CL(6),Non-Returnable,RESERVED BRANDS,666.67,705,606.34,MBDL3476
ZACAPA CENT 75CL(6),Non-Returnable,RESERVED BRANDS,666.67,716.67,624.26,MBDL3482
SINGLETON12YRS 75CL(12),Non-Returnable,RESERVED BRANDS,629.17,664.17,574.87,MBDL3480
DON JULIO ANEJO 75CL(6),Non-Returnable,RESERVED BRANDS,1383.33,1396.67,1334.90,MBDL3474
JW BLUE LABEL75CL(6),Non-Returnable,RESERVED BRANDS,2895,3066.67,2633.53,MBDL3475
ORIJIN CAN330ML,Non-Returnable,RTDS,190,204,174.91,MBDL3484
SMIR ICE DB CAN 06*01,Non-Returnable,RTDS,79.5,86,75.66,MBDL3536
SMIR ICE PINE CAN 06*01,Non-Returnable,RTDS,79.5,86,75.66,MBDL3537
SMIR. ICE DB CAN 12*1 330ML,Non-Returnable,RTDS,159,171.5,150.91,MBDL3540
SMIR. ICE DB CAN 24*1 330ML,Non-Returnable,RTDS,318,343,300.79,MBDL3535
SMIR. ICE PP CAN 24*1 330ML,Non-Returnable,RTDS,318,343,300.79,MBDL3538
SMIRNOFF ICE PINE RET,Returnable,RTDS,267,286,251.51,MBDL3525
SMIRNOFF ICE DB RET,Returnable,RTDS,267,286,251.51,MBDL3526
GUINNESS FES 330ML,Returnable,STOUT,224,238,207.95,MBDL3420
